user_id,group,converted
1,A,0
2,A,0
3,A,0
4,A,0
5,B,1
6,A,0
7,A,0
8,A,0
9,B,0
10,B,0
11,A,0
12,B,1
13,B,0
14,A,0
15,B,0
16,B,0
17,A,0
18,A,0
19,B,0
20,A,0
21,B,0
22,B,0
23,A,0
24,A,1
25,B,0
26,B,0
27,B,0
28,B,0
29,B,0
30,A,1
31,B,0
32,A,0
33,A,0
34,B,0
35,B,0
36,B,0
37,B,0
38,B,0
39,B,1
40,B,0
41,A,0
42,B,0
43,A,0
44,B,0
45,B,1
46,B,1
47,B,0
48,B,0
49,B,0
50,B,0
51,B,0
52,A,0
53,B,1
54,B,0
55,A,0
56,B,0
57,B,0
58,B,0
59,A,0
60,B,0
61,B,0
62,A,0
63,A,0
64,B,0
65,A,0
66,B,1
67,A,0
68,A,0
69,B,0
70,A,0
71,B,0
72,A,0
73,B,0
74,A,0
75,B,0
76,A,0
77,A,0
78,B,0
79,A,0
80,B,1
81,A,0
82,A,0
83,B,0
84,A,0
85,A,0
86,B,1
87,B,1
88,B,0
89,A,0
90,A,0
91,A,0
92,B,0
93,B,0
94,B,0
95,B,0
96,A,0
97,B,0
98,A,0
99,B,0
100,B,0
101,A,0
102,A,0
103,B,0
104,B,0
105,B,0
106,A,0
107,A,0
108,B,1
109,A,0
110,B,0
111,B,0
112,B,0
113,A,1
114,B,1
115,A,0
116,B,0
117,A,0
118,B,0
119,A,0
120,A,0
121,B,0
122,B,0
123,B,0
124,B,0
125,B,0
126,A,0
127,B,0
128,B,0
129,A,0
130,B,0
131,B,0
132,B,0
133,B,0
134,A,0
135,A,0
136,B,0
137,B,1
138,A,0
139,B,0
140,B,0
141,A,0
142,B,1
143,B,0
144,A,0
145,A,0
146,B,0
147,B,0
148,B,0
149,B,0
150,B,0
151,B,0
152,B,1
153,A,0
154,B,0
155,A,0
156,B,0
157,B,1
158,A,0
159,A,0
160,B,0
161,B,0
162,A,1
163,A,0
164,A,0
165,B,0
166,A,0
167,B,0
168,A,0
169,B,0
170,B,0
171,B,0
172,B,0
173,B,0
174,B,1
175,A,1
176,A,0
177,B,0
178,B,0
179,A,0
180,B,0
181,B,0
182,A,0
183,B,0
184,A,0
185,B,0
186,B,1
187,A,0
188,B,0
189,B,0
190,B,0
191,B,0
192,A,1
193,B,0
194,A,0
195,B,0
196,A,0
197,A,0
198,B,0
199,B,0
200,B,0
201,A,1
202,A,0
203,A,0
204,B,0
205,B,0
206,A,0
207,B,0
208,A,0
209,B,0
210,B,0
211,A,0
212,B,0
213,B,0
214,B,0
215,A,1
216,B,1
217,A,0
218,A,0
219,A,0
220,A,1
221,B,0
222,B,1
223,A,0
224,A,0
225,B,0
226,A,0
227,B,0
228,A,0
229,A,0
230,B,0
231,A,0
232,A,0
233,B,0
234,B,1
235,A,0
236,A,0
237,B,0
238,A,0
239,B,0
240,B,0
241,B,0
242,B,0
243,B,0
244,A,0
245,B,0
246,B,0
247,A,0
248,A,0
249,B,0
250,B,0
251,A,0
252,B,1
253,A,0
254,B,0
255,A,1
256,A,1
257,B,0
258,B,0
259,A,0
260,B,0
261,A,0
262,A,0
263,B,0
264,B,0
265,A,1
266,A,1
267,A,0
268,A,0
269,B,0
270,A,0
271,A,0
272,B,0
273,A,0
274,B,0
275,A,0
276,A,0
277,A,0
278,A,0
279,A,0
280,B,0
281,A,0
282,B,0
283,A,0
284,B,0
285,B,0
286,A,0
287,B,0
288,A,0
289,A,0
290,B,0
291,B,0
292,B,1
293,B,0
294,A,0
295,A,0
296,B,0
297,A,0
298,B,0
299,A,1
300,B,0
301,B,0
302,B,0
303,A,0
304,B,0
305,B,0
306,A,0
307,B,0
308,B,0
309,B,0
310,A,0
311,B,0
312,A,0
313,B,0
314,B,0
315,B,0
316,B,0
317,B,0
318,B,0
319,A,0
320,B,0
321,B,0
322,B,0
323,A,0
324,B,0
325,A,0
326,A,0
327,B,0
328,B,0
329,A,0
330,A,0
331,A,0
332,B,0
333,A,1
334,A,1
335,A,0
336,B,0
337,B,0
338,B,1
339,B,0
340,A,1
341,B,0
342,A,0
343,B,0
344,A,0
345,B,0
346,B,0
347,A,0
348,A,0
349,B,1
350,A,0
351,B,0
352,A,0
353,A,0
354,B,0
355,B,0
356,A,0
357,A,0
358,A,0
359,B,0
360,B,1
361,B,0
362,B,0
363,B,0
364,A,0
365,B,0
366,A,0
367,A,1
368,A,0
369,B,0
370,B,0
371,A,0
372,A,1
373,B,0
374,B,0
375,B,0
376,A,0
377,B,0
378,A,0
379,B,0
380,B,0
381,B,1
382,B,0
383,B,0
384,B,0
385,A,0
386,B,1
387,B,0
388,A,0
389,B,1
390,B,0
391,A,0
392,A,0
393,B,0
394,A,0
395,A,0
396,B,0
397,B,0
398,A,0
399,A,0
400,B,0
401,B,0
402,B,0
403,A,0
404,B,0
405,B,0
406,A,0
407,B,1
408,B,0
409,A,1
410,B,1
411,B,0
412,A,0
413,B,0
414,B,1
415,B,0
416,B,0
417,A,0
418,B,0
419,B,0
420,B,0
421,A,0
422,B,0
423,A,0
424,A,1
425,B,0
426,B,0
427,B,1
428,A,0
429,B,0
430,B,0
431,A,0
432,B,0
433,A,0
434,B,0
435,A,0
436,A,0
437,A,0
438,A,1
439,B,0
440,B,0
441,A,0
442,B,0
443,A,0
444,B,0
445,A,0
446,A,0
447,B,0
448,B,0
449,B,1
450,A,1
451,A,0
452,B,0
453,B,0
454,A,0
455,B,0
456,B,0
457,A,0
458,B,0
459,A,0
460,A,0
461,B,0
462,B,0
463,B,1
464,A,1
465,A,0
466,B,0
467,A,1
468,A,0
469,B,1
470,A,0
471,B,0
472,A,0
473,B,0
474,A,0
475,B,0
476,B,0
477,B,0
478,B,0
479,B,0
480,A,0
481,A,1
482,B,0
483,B,0
484,A,1
485,A,0
486,A,0
487,B,0
488,A,0
489,B,1
490,A,0
491,A,0
492,A,0
493,B,0
494,A,0
495,A,0
496,A,0
497,A,0
498,B,0
499,A,0
500,B,0
501,B,0
502,B,1
503,B,0
504,A,0
505,A,0
506,A,0
507,B,0
508,A,0
509,A,0
510,B,1
511,B,0
512,B,0
513,A,0
514,B,0
515,B,0
516,B,0
517,A,0
518,B,0
519,B,0
520,B,0
521,B,0
522,B,0
523,B,0
524,A,0
525,B,1
526,A,0
527,B,0
528,B,0
529,B,0
530,A,0
531,A,0
532,B,0
533,A,0
534,B,0
535,A,0
536,A,0
537,B,0
538,B,0
539,A,0
540,A,0
541,A,0
542,A,1
543,B,1
544,B,0
545,A,0
546,A,0
547,A,0
548,B,0
549,A,1
550,A,0
551,A,0
552,B,0
553,A,0
554,B,0
555,A,0
556,B,0
557,A,0
558,B,0
559,B,0
560,B,0
561,A,0
562,A,0
563,B,0
564,A,0
565,B,0
566,B,0
567,A,0
568,A,0
569,B,0
570,A,0
571,A,0
572,A,0
573,B,0
574,B,1
575,A,1
576,A,0
577,B,0
578,A,0
579,A,0
580,A,0
581,B,0
582,A,0
583,B,0
584,B,0
585,B,0
586,B,0
587,B,0
588,B,0
589,A,0
590,B,0
591,B,0
592,A,0
593,A,0
594,A,0
595,B,0
596,B,0
597,B,0
598,B,0
599,A,0
600,B,0
601,B,0
602,B,0
603,A,0
604,A,0
605,B,1
606,B,0
607,B,0
608,B,0
609,B,0
610,B,0
611,A,0
612,A,0
613,B,1
614,B,0
615,A,0
616,A,0
617,A,0
618,A,0
619,A,0
620,A,0
621,A,0
622,A,0
623,A,0
624,B,0
625,B,0
626,B,0
627,B,0
628,A,0
629,B,1
630,A,0
631,A,0
632,B,0
633,A,0
634,B,0
635,A,0
636,B,0
637,B,0
638,A,0
639,A,0
640,B,0
641,B,1
642,B,0
643,A,0
644,A,0
645,B,1
646,B,0
647,A,0
648,B,0
649,B,0
650,A,0
651,A,0
652,B,1
653,B,0
654,A,0
655,A,0
656,A,1
657,A,0
658,A,0
659,A,0
660,B,0
661,B,0
662,B,0
663,A,0
664,A,0
665,B,0
666,B,0
667,A,0
668,B,0
669,B,0
670,B,0
671,B,0
672,A,0
673,B,0
674,B,0
675,A,0
676,B,0
677,B,0
678,A,0
679,A,0
680,B,0
681,B,0
682,B,0
683,A,0
684,A,0
685,B,1
686,B,0
687,A,0
688,B,0
689,A,0
690,A,0
691,B,0
692,A,0
693,A,0
694,B,0
695,A,0
696,A,0
697,B,0
698,A,0
699,B,0
700,A,0
701,B,0
702,B,0
703,B,0
704,B,0
705,B,0
706,A,0
707,A,0
708,A,0
709,A,0
710,B,1
711,B,0
712,B,0
713,A,0
714,A,0
715,B,1
716,A,0
717,B,0
718,A,0
719,B,0
720,B,0
721,B,0
722,B,1
723,B,0
724,B,0
725,B,0
726,A,0
727,B,0
728,A,0
729,B,0
730,A,0
731,A,1
732,B,1
733,A,0
734,A,0
735,A,0
736,B,1
737,B,0
738,A,0
739,B,0
740,A,0
741,A,0
742,A,0
743,A,0
744,B,1
745,B,0
746,A,0
747,B,0
748,B,1
749,A,0
750,B,0
751,A,0
752,B,0
753,A,0
754,A,0
755,A,0
756,B,0
757,A,0
758,A,0
759,B,0
760,A,0
761,B,0
762,A,0
763,B,0
764,B,0
765,A,0
766,A,0
767,B,0
768,A,0
769,A,0
770,B,0
771,B,0
772,B,0
773,B,0
774,B,0
775,A,0
776,B,0
777,B,0
778,B,0
779,B,0
780,B,0
781,A,0
782,A,0
783,B,0
784,A,0
785,A,0
786,B,0
787,A,0
788,A,0
789,A,1
790,A,0
791,B,0
792,A,0
793,B,0
794,A,0
795,B,0
796,B,0
797,B,0
798,B,0
799,A,0
800,B,0
801,B,1
802,B,1
803,A,0
804,A,0
805,B,0
806,A,0
807,B,0
808,A,0
809,A,0
810,B,0
811,A,0
812,A,0
813,A,0
814,A,0
815,A,0
816,B,1
817,A,0
818,B,0
819,A,0
820,A,1
821,A,0
822,B,1
823,B,0
824,A,0
825,B,0
826,A,0
827,A,0
828,A,0
829,A,0
830,A,0
831,A,0
832,A,0
833,A,0
834,B,0
835,A,1
836,A,0
837,B,0
838,A,0
839,B,0
840,B,0
841,A,0
842,A,0
843,A,0
844,A,0
845,B,0
846,A,0
847,A,0
848,A,0
849,B,0
850,A,1
851,B,0
852,A,0
853,B,0
854,A,0
855,B,0
856,A,0
857,A,0
858,A,0
859,B,0
860,A,0
861,B,0
862,B,1
863,B,0
864,B,0
865,A,0
866,B,0
867,A,0
868,A,0
869,A,1
870,B,0
871,A,0
872,B,0
873,B,0
874,A,0
875,B,0
876,A,0
877,A,0
878,A,0
879,B,0
880,A,0
881,A,0
882,A,0
883,B,0
884,A,0
885,A,0
886,A,0
887,A,1
888,B,0
889,B,0
890,B,0
891,A,0
892,A,0
893,A,0
894,B,0
895,B,0
896,A,0
897,A,0
898,B,0
899,A,1
900,B,0
901,B,0
902,B,0
903,A,0
904,A,0
905,B,1
906,B,0
907,A,0
908,B,0
909,A,0
910,B,0
911,A,0
912,B,0
913,B,0
914,A,0
915,A,0
916,A,0
917,B,0
918,B,0
919,B,0
920,A,0
921,B,0
922,A,0
923,A,0
924,B,0
925,A,0
926,B,1
927,A,0
928,B,0
929,B,0
930,B,0
931,A,0
932,A,1
933,B,0
934,B,0
935,B,0
936,A,0
937,A,0
938,B,0
939,A,0
940,B,0
941,A,0
942,B,0
943,B,0
944,B,0
945,A,0
946,B,0
947,A,0
948,A,0
949,B,0
950,A,0
951,A,0
952,A,0
953,B,0
954,A,0
955,A,0
956,B,0
957,B,0
958,B,0
959,B,0
960,B,0
961,A,0
962,A,0
963,A,0
964,A,0
965,A,0
966,B,0
967,A,0
968,A,0
969,B,0
970,B,0
971,B,0
972,B,0
973,A,0
974,B,0
975,A,0
976,B,0
977,B,0
978,A,0
979,B,0
980,B,0
981,B,0
982,A,0
983,B,0
984,B,0
985,A,0
986,B,0
987,B,0
988,B,0
989,B,1
990,A,0
991,B,0
992,A,0
993,B,0
994,A,0
995,A,0
996,B,1
997,B,0
998,A,0
999,A,0
1000,A,0
1001,B,0
1002,A,0
1003,B,0
1004,A,0
1005,B,0
1006,B,1
1007,B,0
1008,B,0
1009,B,1
1010,A,0
1011,A,0
1012,A,0
1013,A,0
1014,A,0
1015,A,0
1016,B,0
1017,B,0
1018,A,0
1019,A,0
1020,B,0
1021,B,0
1022,B,0
1023,A,0
1024,B,1
1025,B,0
1026,A,0
1027,A,0
1028,B,0
1029,B,1
1030,B,0
1031,A,0
1032,A,0
1033,A,1
1034,A,1
1035,B,0
1036,A,0
1037,A,0
1038,A,0
1039,A,1
1040,B,0
1041,A,0
1042,B,0
1043,A,0
1044,A,1
1045,A,0
1046,A,0
1047,B,0
1048,A,0
1049,A,0
1050,B,0
1051,B,0
1052,A,0
1053,A,0
1054,B,0
1055,B,0
1056,A,0
1057,B,1
1058,B,0
1059,B,0
1060,A,0
1061,A,0
1062,A,1
1063,A,0
1064,A,0
1065,A,0
1066,B,0
1067,B,0
1068,B,1
1069,A,0
1070,A,0
1071,A,0
1072,A,0
1073,B,1
1074,A,0
1075,A,0
1076,A,0
1077,A,0
1078,B,0
1079,A,0
1080,A,0
1081,B,0
1082,A,0
1083,A,0
1084,A,0
1085,B,0
1086,A,0
1087,B,0
1088,B,0
1089,B,0
1090,A,0
1091,B,0
1092,B,1
1093,B,0
1094,A,0
1095,A,0
1096,B,0
1097,B,0
1098,A,0
1099,B,0
1100,A,0
1101,A,0
1102,A,0
1103,A,0
1104,B,0
1105,A,0
1106,B,0
1107,A,0
1108,A,0
1109,B,0
1110,B,0
1111,B,0
1112,A,0
1113,B,0
1114,B,1
1115,A,0
1116,A,0
1117,B,1
1118,A,0
1119,B,0
1120,A,0
1121,A,0
1122,B,0
1123,B,0
1124,B,0
1125,B,0
1126,A,1
1127,A,0
1128,A,0
1129,A,0
1130,B,0
1131,B,0
1132,B,0
1133,A,0
1134,A,0
1135,B,0
1136,B,0
1137,B,0
1138,A,0
1139,B,1
1140,A,0
1141,B,1
1142,A,0
1143,A,0
1144,A,0
1145,B,0
1146,B,0
1147,B,0
1148,B,0
1149,A,0
1150,A,0
1151,A,0
1152,A,0
1153,B,0
1154,A,0
1155,A,0
1156,B,0
1157,B,0
1158,B,0
1159,B,0
1160,A,0
1161,B,0
1162,A,0
1163,B,0
1164,A,0
1165,A,0
1166,B,0
1167,A,0
1168,A,0
1169,B,1
1170,A,0
1171,A,0
1172,B,0
1173,A,0
1174,B,0
1175,B,0
1176,A,0
1177,A,0
1178,A,0
1179,B,0
1180,A,0
1181,B,0
1182,A,1
1183,A,0
1184,A,0
1185,A,0
1186,B,0
1187,A,0
1188,A,0
1189,A,0
1190,A,0
1191,B,0
1192,A,0
1193,B,0
1194,B,0
1195,A,0
1196,A,0
1197,A,0
1198,A,0
1199,A,0
1200,A,0
1201,A,0
1202,B,0
1203,A,0
1204,B,0
1205,B,0
1206,A,0
1207,A,0
1208,A,0
1209,B,0
1210,A,0
1211,B,0
1212,A,0
1213,A,0
1214,B,0
1215,A,0
1216,B,0
1217,B,0
1218,A,1
1219,B,0
1220,A,0
1221,B,0
1222,A,0
1223,A,0
1224,B,1
1225,B,0
1226,B,1
1227,B,0
1228,A,0
1229,A,0
1230,B,0
1231,A,0
1232,B,0
1233,B,1
1234,A,1
1235,A,0
1236,B,1
1237,A,0
1238,B,0
1239,B,0
1240,B,0
1241,A,0
1242,A,0
1243,A,0
1244,B,0
1245,B,0
1246,B,0
1247,B,0
1248,A,0
1249,A,0
1250,B,0
1251,A,0
1252,A,0
1253,A,0
1254,A,0
1255,B,0
1256,B,1
1257,A,0
1258,B,0
1259,B,0
1260,B,1
1261,B,0
1262,B,0
1263,B,0
1264,B,1
1265,B,0
1266,A,0
1267,B,0
1268,A,0
1269,B,0
1270,B,0
1271,B,0
1272,A,0
1273,A,0
1274,A,0
1275,B,0
1276,A,0
1277,A,0
1278,A,0
1279,A,0
1280,B,0
1281,B,1
1282,A,0
1283,A,1
1284,A,0
1285,B,0
1286,A,0
1287,A,0
1288,B,0
1289,A,0
1290,B,0
1291,B,1
1292,A,0
1293,A,0
1294,B,0
1295,B,0
1296,B,0
1297,B,1
1298,B,0
1299,A,1
1300,B,0
1301,A,0
1302,A,0
1303,A,0
1304,A,0
1305,A,0
1306,A,0
1307,A,0
1308,B,0
1309,A,0
1310,B,0
1311,B,0
1312,B,0
1313,A,0
1314,B,0
1315,A,0
1316,B,0
1317,B,1
1318,B,1
1319,A,0
1320,B,0
1321,B,0
1322,A,0
1323,A,0
1324,A,0
1325,B,0
1326,A,0
1327,A,0
1328,A,0
1329,A,0
1330,A,0
1331,A,0
1332,B,0
1333,B,0
1334,B,0
1335,B,0
1336,B,1
1337,A,0
1338,A,0
1339,B,0
1340,B,0
1341,B,0
1342,A,0
1343,B,0
1344,B,0
1345,A,0
1346,A,0
1347,B,0
1348,A,0
1349,A,0
1350,B,0
1351,A,0
1352,B,0
1353,B,0
1354,A,0
1355,B,0
1356,A,0
1357,B,0
1358,B,0
1359,A,0
1360,A,0
1361,A,0
1362,A,0
1363,B,0
1364,B,1
1365,B,0
1366,B,0
1367,B,0
1368,B,0
1369,A,0
1370,A,0
1371,A,0
1372,B,0
1373,A,0
1374,A,0
1375,A,0
1376,B,0
1377,B,1
1378,B,1
1379,B,0
1380,B,0
1381,B,0
1382,B,0
1383,A,0
1384,A,1
1385,B,0
1386,A,0
1387,B,0
1388,B,0
1389,A,0
1390,B,0
1391,B,0
1392,B,0
1393,B,0
1394,B,0
1395,A,0
1396,A,0
1397,A,0
1398,A,0
1399,A,0
1400,B,0
1401,A,1
1402,A,1
1403,B,0
1404,B,0
1405,B,1
1406,A,0
1407,B,0
1408,A,0
1409,A,0
1410,B,0
1411,B,0
1412,B,0
1413,A,0
1414,A,0
1415,B,0
1416,A,0
1417,B,0
1418,A,0
1419,A,0
1420,A,0
1421,B,0
1422,B,0
1423,B,0
1424,B,0
1425,B,0
1426,A,0
1427,B,0
1428,A,0
1429,B,0
1430,A,0
1431,B,0
1432,A,0
1433,A,0
1434,A,0
1435,A,0
1436,A,0
1437,B,0
1438,A,0
1439,B,0
1440,B,0
1441,A,0
1442,B,0
1443,A,1
1444,A,0
1445,A,0
1446,B,0
1447,A,0
1448,B,0
1449,A,0
1450,B,0
1451,B,0
1452,A,0
1453,B,0
1454,A,0
1455,B,0
1456,A,0
1457,B,0
1458,A,0
1459,A,0
1460,B,0
1461,A,0
1462,B,0
1463,B,0
1464,A,0
1465,B,0
1466,B,0
1467,B,1
1468,A,0
1469,B,0
1470,B,0
1471,B,0
1472,A,0
1473,A,0
1474,B,0
1475,A,0
1476,B,0
1477,A,0
1478,B,0
1479,B,0
1480,B,0
1481,B,0
1482,A,0
1483,A,1
1484,A,0
1485,A,0
1486,A,0
1487,B,0
1488,A,0
1489,A,0
1490,A,0
1491,B,0
1492,A,0
1493,B,0
1494,A,0
1495,B,0
1496,B,0
1497,B,0
1498,A,0
1499,B,0
1500,A,0
1501,B,0
1502,A,0
1503,A,0
1504,A,1
1505,B,1
1506,A,0
1507,A,1
1508,A,0
1509,B,1
1510,A,0
1511,A,0
1512,B,0
1513,A,0
1514,A,0
1515,B,1
1516,B,0
1517,B,0
1518,B,0
1519,B,0
1520,B,0
1521,A,0
1522,B,0
1523,A,0
1524,A,0
1525,A,0
1526,A,0
1527,B,0
1528,A,0
1529,A,1
1530,B,0
1531,A,0
1532,A,0
1533,A,0
1534,B,0
1535,B,0
1536,B,0
1537,B,1
1538,A,0
1539,A,0
1540,B,0
1541,B,1
1542,B,0
1543,B,0
1544,B,0
1545,A,0
1546,B,0
1547,B,0
1548,B,0
1549,A,0
1550,B,0
1551,A,0
1552,B,0
1553,A,0
1554,B,0
1555,A,0
1556,B,0
1557,B,0
1558,B,0
1559,B,0
1560,B,0
1561,B,0
1562,B,0
1563,A,0
1564,B,0
1565,A,0
1566,B,0
1567,B,0
1568,B,1
1569,B,0
1570,A,0
1571,B,0
1572,B,1
1573,B,0
1574,A,0
1575,B,0
1576,B,0
1577,B,0
1578,B,0
1579,A,0
1580,A,0
1581,A,0
1582,A,0
1583,B,0
1584,B,0
1585,B,0
1586,A,1
1587,A,0
1588,B,1
1589,A,0
1590,A,0
1591,A,0
1592,A,0
1593,A,0
1594,A,0
1595,B,0
1596,B,0
1597,B,0
1598,A,0
1599,B,0
1600,A,0
1601,A,0
1602,A,0
1603,B,0
1604,B,0
1605,A,0
1606,B,0
1607,B,0
1608,A,0
1609,B,0
1610,A,0
1611,A,0
1612,B,0
1613,A,0
1614,B,0
1615,B,0
1616,A,0
1617,A,0
1618,A,0
1619,A,0
1620,A,0
1621,B,0
1622,A,0
1623,A,0
1624,A,0
1625,A,1
1626,B,0
1627,B,0
1628,A,0
1629,B,0
1630,B,1
1631,A,0
1632,B,0
1633,A,0
1634,B,0
1635,A,0
1636,B,0
1637,B,0
1638,A,0
1639,B,0
1640,A,1
1641,A,0
1642,A,0
1643,B,0
1644,A,0
1645,A,0
1646,A,0
1647,A,0
1648,A,0
1649,B,0
1650,B,0
1651,B,0
1652,A,0
1653,B,0
1654,B,0
1655,A,0
1656,A,0
1657,B,0
1658,A,0
1659,A,0
1660,A,0
1661,B,0
1662,A,0
1663,B,0
1664,B,1
1665,B,0
1666,A,0
1667,A,0
1668,A,0
1669,B,0
1670,B,0
1671,B,0
1672,A,1
1673,A,0
1674,B,0
1675,B,1
1676,A,0
1677,B,0
1678,A,0
1679,A,0
1680,A,0
1681,B,0
1682,A,0
1683,A,0
1684,B,0
1685,A,0
1686,B,0
1687,B,1
1688,B,0
1689,B,0
1690,B,0
1691,A,0
1692,A,0
1693,B,0
1694,B,1
1695,B,0
1696,A,0
1697,A,0
1698,B,0
1699,A,0
1700,A,0
1701,A,0
1702,B,1
1703,B,0
1704,A,0
1705,A,0
1706,B,0
1707,A,0
1708,A,0
1709,B,0
1710,B,0
1711,A,0
1712,B,0
1713,B,0
1714,B,0
1715,A,0
1716,A,0
1717,A,0
1718,B,0
1719,B,0
1720,B,0
1721,B,0
1722,B,0
1723,A,0
1724,A,1
1725,B,0
1726,B,0
1727,B,0
1728,B,0
1729,B,0
1730,A,1
1731,A,1
1732,A,0
1733,A,0
1734,A,0
1735,A,1
1736,A,0
1737,A,0
1738,B,0
1739,A,0
1740,A,0
1741,A,0
1742,B,0
1743,B,0
1744,A,0
1745,A,1
1746,B,0
1747,A,0
1748,A,0
1749,B,0
1750,B,0
1751,A,0
1752,B,0
1753,A,0
1754,A,0
1755,A,0
1756,B,0
1757,B,0
1758,A,0
1759,B,0
1760,A,0
1761,B,0
1762,A,0
1763,B,0
1764,A,0
1765,B,0
1766,B,0
1767,B,0
1768,A,0
1769,B,0
1770,A,1
1771,B,0
1772,B,0
1773,B,0
1774,B,0
1775,A,1
1776,B,0
1777,A,0
1778,B,0
1779,B,0
1780,B,0
1781,A,0
1782,B,0
1783,A,0
1784,A,0
1785,A,0
1786,A,1
1787,B,0
1788,A,0
1789,B,0
1790,B,0
1791,A,0
1792,A,0
1793,A,0
1794,A,0
1795,A,0
1796,B,0
1797,B,0
1798,A,0
1799,B,0
1800,A,0
1801,A,1
1802,B,0
1803,A,0
1804,A,0
1805,B,0
1806,B,0
1807,A,0
1808,A,0
1809,B,0
1810,B,0
1811,B,0
1812,B,0
1813,A,0
1814,A,0
1815,B,0
1816,A,0
1817,B,0
1818,A,0
1819,A,0
1820,B,0
1821,A,0
1822,A,0
1823,A,1
1824,B,0
1825,B,1
1826,B,0
1827,A,0
1828,A,0
1829,A,0
1830,A,0
1831,B,0
1832,B,0
1833,A,0
1834,B,0
1835,A,0
1836,A,1
1837,B,0
1838,B,0
1839,A,1
1840,A,0
1841,A,0
1842,A,1
1843,A,0
1844,B,0
1845,B,0
1846,B,0
1847,B,0
1848,B,0
1849,B,0
1850,A,0
1851,A,0
1852,B,1
1853,B,0
1854,B,0
1855,A,1
1856,B,0
1857,A,0
1858,B,1
1859,B,0
1860,B,0
1861,B,0
1862,A,0
1863,A,0
1864,A,0
1865,B,0
1866,A,1
1867,A,0
1868,B,0
1869,A,0
1870,B,0
1871,B,0
1872,B,0
1873,A,0
1874,B,1
1875,B,0
1876,A,0
1877,A,0
1878,A,1
1879,A,0
1880,A,0
1881,A,0
1882,A,0
1883,A,0
1884,B,0
1885,B,0
1886,A,0
1887,A,0
1888,A,0
1889,A,0
1890,B,0
1891,B,0
1892,B,0
1893,A,0
1894,A,0
1895,B,1
1896,B,1
1897,B,0
1898,B,0
1899,B,0
1900,A,0
1901,A,0
1902,B,0
1903,B,1
1904,A,0
1905,A,0
1906,B,0
1907,B,0
1908,B,1
1909,B,0
1910,A,0
1911,B,0
1912,B,0
1913,B,0
1914,B,0
1915,A,0
1916,A,0
1917,A,0
1918,B,0
1919,A,0
1920,A,0
1921,B,0
1922,B,0
1923,B,0
1924,B,0
1925,A,0
1926,B,0
1927,B,0
1928,A,0
1929,A,0
1930,B,0
1931,A,1
1932,B,0
1933,A,0
1934,A,1
1935,B,0
1936,B,0
1937,A,0
1938,B,0
1939,B,0
1940,A,0
1941,B,0
1942,B,0
1943,B,0
1944,A,0
1945,B,0
1946,A,0
1947,A,0
1948,A,0
1949,A,0
1950,B,0
1951,A,1
1952,A,1
1953,A,0
1954,B,1
1955,B,0
1956,A,0
1957,B,0
1958,B,0
1959,A,0
1960,B,0
1961,B,0
1962,B,0
1963,A,0
1964,B,0
1965,A,0
1966,A,0
1967,B,0
1968,B,0
1969,A,0
1970,B,0
1971,A,0
1972,B,0
1973,B,0
1974,B,0
1975,A,1
1976,A,0
1977,A,0
1978,A,1
1979,A,0
1980,B,0
1981,B,0
1982,B,0
1983,B,0
1984,A,0
1985,A,0
1986,A,0
1987,A,1
1988,B,0
1989,A,1
1990,A,0
1991,A,0
1992,A,0
1993,A,0
1994,A,0
1995,B,0
1996,A,0
1997,B,0
1998,A,0
1999,A,0
2000,A,0
2001,A,0
2002,A,0
2003,B,0
2004,B,0
2005,A,0
2006,A,0
2007,B,0
2008,A,0
2009,A,0
2010,A,0
2011,A,0
2012,B,1
2013,B,0
2014,B,0
2015,A,0
2016,A,0
2017,B,0
2018,B,0
2019,A,1
2020,A,0
2021,A,0
2022,B,0
2023,A,0
2024,B,1
2025,B,0
2026,A,0
2027,B,0
2028,A,0
2029,B,0
2030,B,0
2031,B,0
2032,A,0
2033,A,0
2034,B,0
2035,B,0
2036,B,0
2037,A,0
2038,A,0
2039,A,0
2040,B,0
2041,B,0
2042,B,0
2043,A,0
2044,A,0
2045,B,0
2046,B,1
2047,A,1
2048,B,0
2049,A,0
2050,A,0
2051,A,0
2052,B,0
2053,A,0
2054,B,1
2055,A,0
2056,A,0
2057,B,0
2058,B,0
2059,A,0
2060,A,0
2061,A,0
2062,B,0
2063,A,0
2064,A,0
2065,A,0
2066,B,0
2067,B,0
2068,B,0
2069,A,1
2070,A,0
2071,A,0
2072,A,0
2073,B,0
2074,B,1
2075,B,0
2076,A,0
2077,B,0
2078,A,0
2079,B,1
2080,B,0
2081,A,0
2082,B,0
2083,A,0
2084,A,0
2085,A,0
2086,B,0
2087,A,1
2088,A,0
2089,A,0
2090,A,0
2091,B,0
2092,A,0
2093,A,0
2094,A,0
2095,A,0
2096,B,0
2097,A,0
2098,B,0
2099,B,1
2100,A,1
2101,A,0
2102,A,0
2103,A,1
2104,B,0
2105,A,0
2106,A,0
2107,A,0
2108,A,0
2109,A,0
2110,A,0
2111,A,0
2112,B,0
2113,A,0
2114,B,0
2115,A,0
2116,A,0
2117,A,0
2118,A,1
2119,A,0
2120,B,0
2121,B,0
2122,A,0
2123,A,0
2124,B,1
2125,B,0
2126,B,0
2127,B,0
2128,A,1
2129,A,0
2130,B,0
2131,B,0
2132,B,0
2133,B,0
2134,B,0
2135,B,0
2136,A,0
2137,A,0
2138,B,0
2139,B,0
2140,A,0
2141,B,0
2142,B,0
2143,A,0
2144,A,0
2145,B,0
2146,A,0
2147,B,0
2148,B,0
2149,A,0
2150,A,0
2151,B,0
2152,B,0
2153,B,0
2154,A,1
2155,A,0
2156,A,0
2157,B,0
2158,A,0
2159,A,1
2160,B,0
2161,B,0
2162,A,0
2163,A,0
2164,B,0
2165,B,0
2166,B,0
2167,B,0
2168,A,1
2169,A,0
2170,A,0
2171,B,0
2172,B,0
2173,A,0
2174,B,0
2175,A,0
2176,B,0
2177,B,0
2178,A,0
2179,A,0
2180,B,0
2181,A,0
2182,A,0
2183,A,0
2184,B,0
2185,A,0
2186,A,0
2187,B,0
2188,B,0
2189,B,0
2190,B,0
2191,A,0
2192,B,0
2193,A,0
2194,B,0
2195,B,0
2196,B,1
2197,A,0
2198,B,0
2199,B,0
2200,A,0
2201,A,0
2202,B,0
2203,B,0
2204,B,0
2205,B,0
2206,B,0
2207,A,0
2208,A,0
2209,A,1
2210,B,0
2211,B,0
2212,B,0
2213,A,0
2214,B,0
2215,A,0
2216,A,0
2217,A,0
2218,A,0
2219,B,0
2220,B,0
2221,B,0
2222,A,0
2223,B,1
2224,A,0
2225,A,0
2226,B,0
2227,B,0
2228,A,0
2229,B,0
2230,A,0
2231,B,0
2232,A,0
2233,A,0
2234,A,0
2235,A,0
2236,B,0
2237,B,0
2238,B,0
2239,A,0
2240,A,0
2241,B,0
2242,A,0
2243,A,0
2244,B,0
2245,A,0
2246,B,0
2247,B,0
2248,A,0
2249,B,0
2250,B,0
2251,A,0
2252,A,0
2253,B,0
2254,A,0
2255,A,1
2256,A,0
2257,A,0
2258,A,0
2259,A,0
2260,A,0
2261,B,0
2262,B,0
2263,B,0
2264,A,0
2265,B,1
2266,A,1
2267,A,0
2268,A,0
2269,B,0
2270,B,0
2271,B,0
2272,B,0
2273,B,0
2274,B,0
2275,A,0
2276,A,1
2277,B,0
2278,B,0
2279,A,0
2280,B,0
2281,B,0
2282,A,0
2283,B,1
2284,A,0
2285,A,0
2286,A,0
2287,A,0
2288,A,0
2289,A,0
2290,A,0
2291,A,0
2292,B,1
2293,B,0
2294,B,0
2295,B,1
2296,B,0
2297,B,0
2298,A,0
2299,B,0
2300,B,0
2301,A,0
2302,A,0
2303,B,0
2304,A,0
2305,A,0
2306,B,1
2307,A,0
2308,B,0
2309,A,0
2310,A,0
2311,A,0
2312,A,0
2313,A,1
2314,B,0
2315,A,0
2316,B,0
2317,A,0
2318,B,0
2319,B,1
2320,B,1
2321,A,0
2322,A,0
2323,B,1
2324,B,0
2325,B,0
2326,B,0
2327,A,0
2328,B,0
2329,A,0
2330,A,0
2331,B,0
2332,B,0
2333,B,0
2334,B,1
2335,B,0
2336,A,0
2337,B,1
2338,A,0
2339,A,0
2340,A,0
2341,B,0
2342,B,0
2343,A,0
2344,B,0
2345,A,0
2346,B,0
2347,B,0
2348,B,1
2349,B,0
2350,B,0
2351,B,0
2352,A,0
2353,A,0
2354,B,0
2355,B,0
2356,A,0
2357,B,0
2358,B,0
2359,A,0
2360,B,0
2361,B,0
2362,B,0
2363,A,0
2364,B,0
2365,B,0
2366,A,1
2367,A,0
2368,B,0
2369,B,1
2370,A,0
2371,A,0
2372,B,0
2373,A,0
2374,B,0
2375,A,0
2376,B,0
2377,A,0
2378,B,0
2379,B,0
2380,A,0
2381,A,0
2382,B,0
2383,B,0
2384,A,1
2385,B,1
2386,B,0
2387,B,0
2388,A,0
2389,A,0
2390,B,0
2391,A,0
2392,B,1
2393,A,0
2394,A,0
2395,B,0
2396,B,0
2397,A,0
2398,B,0
2399,A,0
2400,B,0
2401,B,0
2402,B,0
2403,B,0
2404,A,0
2405,A,0
2406,B,0
2407,B,0
2408,A,0
2409,A,0
2410,B,0
2411,A,0
2412,B,0
2413,B,0
2414,A,0
2415,A,0
2416,B,0
2417,A,0
2418,B,0
2419,A,0
2420,B,1
2421,A,0
2422,B,0
2423,A,0
2424,A,0
2425,B,1
2426,A,0
2427,B,0
2428,B,0
2429,A,0
2430,A,1
2431,B,0
2432,A,0
2433,B,0
2434,B,0
2435,A,0
2436,A,0
2437,B,0
2438,A,0
2439,B,0
2440,A,0
2441,B,0
2442,B,0
2443,B,0
2444,B,0
2445,B,0
2446,A,0
2447,A,0
2448,B,0
2449,B,0
2450,B,0
2451,B,0
2452,B,0
2453,A,0
2454,B,0
2455,A,0
2456,A,0
2457,B,1
2458,A,0
2459,A,0
2460,A,0
2461,A,0
2462,B,0
2463,A,1
2464,A,1
2465,B,0
2466,A,0
2467,B,0
2468,A,0
2469,B,0
2470,A,0
2471,B,0
2472,B,0
2473,B,0
2474,A,0
2475,B,0
2476,A,0
2477,A,0
2478,B,0
2479,A,0
2480,A,0
2481,A,0
2482,B,0
2483,A,0
2484,A,0
2485,A,0
2486,A,0
2487,B,0
2488,B,0
2489,B,0
2490,B,0
2491,A,0
2492,A,0
2493,A,0
2494,A,0
2495,A,0
2496,B,0
2497,A,0
2498,A,0
2499,B,0
2500,B,0
2501,B,0
2502,B,0
2503,B,0
2504,A,0
2505,A,0
2506,B,0
2507,B,0
2508,A,0
2509,A,0
2510,A,0
2511,B,0
2512,A,1
2513,A,0
2514,A,0
2515,A,0
2516,B,0
2517,A,0
2518,B,0
2519,A,0
2520,B,0
2521,A,0
2522,B,0
2523,A,0
2524,A,0
2525,A,0
2526,A,0
2527,B,0
2528,A,0
2529,A,0
2530,A,0
2531,A,0
2532,A,0
2533,B,0
2534,B,0
2535,B,0
2536,A,0
2537,B,0
2538,B,1
2539,B,0
2540,A,0
2541,B,0
2542,B,0
2543,A,0
2544,A,0
2545,A,0
2546,B,0
2547,A,0
2548,B,0
2549,A,0
2550,A,0
2551,A,0
2552,B,0
2553,A,0
2554,A,0
2555,A,0
2556,B,1
2557,B,0
2558,A,0
2559,B,0
2560,A,0
2561,B,0
2562,A,0
2563,A,0
2564,A,0
2565,A,0
2566,B,0
2567,A,0
2568,A,0
2569,B,0
2570,B,0
2571,A,0
2572,B,0
2573,A,0
2574,B,0
2575,B,0
2576,A,1
2577,A,0
2578,A,0
2579,A,0
2580,B,0
2581,A,0
2582,B,1
2583,B,0
2584,A,0
2585,B,1
2586,B,0
2587,A,0
2588,B,0
2589,A,0
2590,B,0
2591,B,0
2592,A,0
2593,A,0
2594,A,0
2595,B,0
2596,B,0
2597,B,0
2598,A,0
2599,A,0
2600,B,0
2601,B,0
2602,B,0
2603,A,0
2604,B,0
2605,B,0
2606,B,0
2607,B,0
2608,A,0
2609,A,1
2610,A,0
2611,A,0
2612,A,0
2613,A,0
2614,B,0
2615,B,0
2616,B,0
2617,B,0
2618,B,0
2619,B,0
2620,A,0
2621,B,0
2622,A,1
2623,A,0
2624,A,1
2625,B,0
2626,B,0
2627,B,1
2628,A,0
2629,A,1
2630,A,0
2631,B,0
2632,A,0
2633,A,0
2634,A,0
2635,B,0
2636,A,0
2637,A,0
2638,A,0
2639,B,0
2640,A,0
2641,B,0
2642,A,0
2643,A,0
2644,B,0
2645,B,0
2646,B,0
2647,B,0
2648,A,0
2649,B,0
2650,A,1
2651,A,0
2652,B,0
2653,B,0
2654,A,0
2655,B,0
2656,B,0
2657,A,0
2658,B,0
2659,A,0
2660,A,0
2661,B,0
2662,B,0
2663,A,0
2664,A,0
2665,A,0
2666,B,0
2667,B,0
2668,A,0
2669,A,0
2670,B,0
2671,A,0
2672,A,0
2673,B,0
2674,B,0
2675,B,0
2676,A,0
2677,B,0
2678,B,1
2679,A,0
2680,A,0
2681,B,0
2682,A,0
2683,B,0
2684,A,0
2685,A,0
2686,B,0
2687,B,0
2688,B,0
2689,A,0
2690,A,0
2691,A,0
2692,B,1
2693,A,0
2694,B,0
2695,A,0
2696,A,0
2697,A,0
2698,B,1
2699,B,0
2700,A,0
2701,A,0
2702,A,0
2703,A,0
2704,B,0
2705,B,0
2706,B,0
2707,B,0
2708,B,0
2709,A,0
2710,B,0
2711,B,0
2712,A,1
2713,B,0
2714,A,0
2715,A,0
2716,B,0
2717,B,0
2718,B,0
2719,B,0
2720,A,0
2721,A,1
2722,A,0
2723,A,0
2724,A,0
2725,B,0
2726,B,1
2727,A,0
2728,B,0
2729,A,0
2730,B,0
2731,A,0
2732,A,0
2733,A,0
2734,A,1
2735,B,0
2736,B,1
2737,B,0
2738,A,0
2739,A,0
2740,A,1
2741,B,0
2742,B,0
2743,A,0
2744,B,0
2745,B,0
2746,B,0
2747,B,0
2748,B,0
2749,B,0
2750,A,0
2751,A,0
2752,A,0
2753,B,1
2754,A,0
2755,B,0
2756,A,0
2757,B,0
2758,B,0
2759,B,0
2760,A,0
2761,B,0
2762,B,0
2763,B,0
2764,B,0
2765,A,0
2766,B,0
2767,A,0
2768,B,0
2769,B,0
2770,A,0
2771,B,0
2772,A,0
2773,B,1
2774,A,0
2775,B,0
2776,B,0
2777,A,0
2778,B,0
2779,A,0
2780,A,0
2781,A,0
2782,A,0
2783,B,0
2784,A,0
2785,B,0
2786,A,0
2787,A,0
2788,B,0
2789,A,0
2790,B,0
2791,A,0
2792,B,0
2793,B,0
2794,B,0
2795,B,0
2796,B,0
2797,B,0
2798,A,0
2799,A,0
2800,A,0
2801,A,0
2802,B,0
2803,A,0
2804,A,0
2805,B,1
2806,B,0
2807,B,0
2808,B,0
2809,A,0
2810,A,1
2811,B,0
2812,B,1
2813,B,0
2814,B,0
2815,A,0
2816,A,0
2817,A,0
2818,A,0
2819,B,0
2820,A,0
2821,B,0
2822,A,1
2823,B,0
2824,A,0
2825,A,0
2826,A,0
2827,B,0
2828,A,0
2829,B,0
2830,A,0
2831,B,0
2832,B,0
2833,A,0
2834,B,1
2835,A,0
2836,A,1
2837,A,1
2838,A,0
2839,B,0
2840,B,0
2841,A,0
2842,A,0
2843,A,0
2844,A,0
2845,B,0
2846,A,0
2847,A,0
2848,B,0
2849,A,0
2850,B,1
2851,B,0
2852,A,0
2853,B,0
2854,B,1
2855,A,0
2856,A,0
2857,A,0
2858,B,0
2859,A,0
2860,A,0
2861,A,0
2862,A,0
2863,B,1
2864,B,1
2865,B,0
2866,B,0
2867,B,0
2868,A,0
2869,B,0
2870,A,0
2871,A,0
2872,B,1
2873,A,0
2874,B,0
2875,B,0
2876,A,0
2877,A,0
2878,A,0
2879,A,0
2880,A,0
2881,B,0
2882,B,0
2883,A,1
2884,A,0
2885,A,0
2886,B,0
2887,A,0
2888,A,0
2889,B,0
2890,B,0
2891,B,0
2892,A,0
2893,A,1
2894,B,0
2895,A,0
2896,B,0
2897,A,0
2898,A,0
2899,A,1
2900,B,0
2901,B,0
2902,B,0
2903,A,0
2904,B,0
2905,A,0
2906,A,0
2907,A,0
2908,A,0
2909,A,0
2910,A,0
2911,A,0
2912,A,0
2913,B,0
2914,A,0
2915,A,0
2916,B,0
2917,B,0
2918,A,0
2919,B,0
2920,A,0
2921,A,0
2922,A,0
2923,A,0
2924,A,0
2925,A,0
2926,B,0
2927,A,0
2928,A,0
2929,A,0
2930,A,0
2931,B,0
2932,B,1
2933,A,0
2934,B,0
2935,A,0
2936,B,0
2937,A,0
2938,A,0
2939,A,0
2940,A,0
2941,A,0
2942,A,0
2943,B,0
2944,A,0
2945,A,0
2946,B,0
2947,A,0
2948,A,0
2949,B,0
2950,A,0
2951,B,1
2952,B,0
2953,B,1
2954,B,0
2955,B,0
2956,A,0
2957,B,0
2958,B,0
2959,A,0
2960,B,0
2961,B,0
2962,B,0
2963,B,0
2964,A,0
2965,B,0
2966,A,0
2967,A,0
2968,A,0
2969,B,0
2970,B,1
2971,B,0
2972,B,1
2973,A,0
2974,A,0
2975,B,0
2976,B,0
2977,A,0
2978,B,0
2979,A,0
2980,B,0
2981,B,0
2982,A,0
2983,A,0
2984,B,0
2985,A,0
2986,A,0
2987,A,0
2988,A,0
2989,A,0
2990,B,0
2991,B,0
2992,B,0
2993,A,0
2994,A,0
2995,A,0
2996,B,1
2997,A,0
2998,B,0
2999,A,0
3000,B,0
3001,B,0
3002,B,0
3003,A,0
3004,A,0
3005,B,0
3006,B,0
3007,A,0
3008,A,0
3009,B,0
3010,B,0
3011,A,0
3012,B,0
3013,A,0
3014,A,1
3015,A,0
3016,A,0
3017,B,0
3018,B,0
3019,B,0
3020,B,0
3021,B,0
3022,B,0
3023,A,0
3024,B,0
3025,A,0
3026,B,0
3027,A,0
3028,A,0
3029,A,0
3030,B,0
3031,A,0
3032,B,0
3033,A,0
3034,A,0
3035,A,0
3036,A,0
3037,A,0
3038,B,0
3039,B,0
3040,A,0
3041,B,1
3042,B,0
3043,A,0
3044,A,0
3045,B,0
3046,A,0
3047,B,0
3048,B,0
3049,B,0
3050,A,0
3051,A,1
3052,A,0
3053,A,1
3054,A,0
3055,A,0
3056,A,0
3057,B,0
3058,A,0
3059,A,0
3060,B,0
3061,A,1
3062,B,0
3063,B,0
3064,B,0
3065,A,1
3066,B,0
3067,A,0
3068,B,0
3069,B,0
3070,B,0
3071,A,0
3072,B,0
3073,B,1
3074,A,0
3075,B,0
3076,B,1
3077,A,0
3078,B,0
3079,B,0
3080,B,0
3081,B,0
3082,B,0
3083,A,0
3084,B,0
3085,B,0
3086,B,0
3087,A,0
3088,A,0
3089,A,0
3090,A,1
3091,A,1
3092,B,0
3093,B,0
3094,A,0
3095,A,0
3096,A,1
3097,B,1
3098,B,0
3099,A,0
3100,B,0
3101,B,0
3102,B,0
3103,A,0
3104,A,0
3105,A,0
3106,A,0
3107,B,0
3108,B,0
3109,A,1
3110,B,0
3111,B,0
3112,A,0
3113,A,0
3114,B,1
3115,B,0
3116,A,0
3117,A,0
3118,B,0
3119,A,0
3120,A,0
3121,A,0
3122,B,0
3123,B,1
3124,A,0
3125,B,0
3126,B,0
3127,B,0
3128,A,0
3129,A,0
3130,A,0
3131,A,0
3132,A,0
3133,B,0
3134,B,0
3135,B,0
3136,A,0
3137,A,0
3138,A,0
3139,B,0
3140,B,0
3141,B,0
3142,A,0
3143,A,0
3144,A,0
3145,B,0
3146,B,0
3147,B,0
3148,B,0
3149,A,0
3150,B,0
3151,B,1
3152,A,0
3153,A,0
3154,B,1
3155,B,0
3156,B,0
3157,B,0
3158,B,0
3159,A,0
3160,A,1
3161,B,0
3162,A,0
3163,B,0
3164,B,0
3165,B,0
3166,A,0
3167,A,0
3168,B,0
3169,A,0
3170,B,0
3171,A,0
3172,B,0
3173,B,0
3174,B,1
3175,A,0
3176,A,0
3177,A,0
3178,A,0
3179,A,0
3180,A,0
3181,A,1
3182,A,1
3183,A,0
3184,A,0
3185,A,0
3186,B,0
3187,B,0
3188,B,0
3189,A,0
3190,A,0
3191,B,0
3192,A,0
3193,A,0
3194,A,0
3195,A,1
3196,A,0
3197,B,0
3198,B,0
3199,A,0
3200,B,0
3201,A,0
3202,B,0
3203,A,0
3204,B,0
3205,A,0
3206,B,1
3207,A,0
3208,B,1
3209,B,1
3210,A,0
3211,B,0
3212,B,0
3213,B,0
3214,B,0
3215,A,0
3216,B,0
3217,A,0
3218,B,0
3219,A,0
3220,A,1
3221,B,0
3222,A,0
3223,B,0
3224,B,0
3225,B,0
3226,B,1
3227,B,0
3228,B,0
3229,B,0
3230,A,0
3231,A,0
3232,A,0
3233,B,0
3234,A,1
3235,B,0
3236,A,0
3237,B,0
3238,A,0
3239,A,0
3240,A,1
3241,B,1
3242,A,1
3243,B,0
3244,A,0
3245,A,0
3246,B,0
3247,A,0
3248,A,1
3249,B,0
3250,B,0
3251,B,0
3252,A,1
3253,A,0
3254,B,0
3255,A,0
3256,A,0
3257,A,0
3258,A,1
3259,B,1
3260,A,0
3261,B,0
3262,A,0
3263,B,0
3264,B,0
3265,B,0
3266,A,0
3267,A,0
3268,A,0
3269,A,0
3270,A,0
3271,A,0
3272,A,0
3273,A,0
3274,A,0
3275,A,0
3276,A,0
3277,A,0
3278,B,0
3279,B,0
3280,A,0
3281,B,0
3282,B,0
3283,B,0
3284,B,0
3285,A,0
3286,B,0
3287,B,0
3288,A,0
3289,A,0
3290,A,0
3291,A,0
3292,A,0
3293,B,0
3294,A,0
3295,A,0
3296,B,1
3297,A,0
3298,B,0
3299,B,0
3300,A,0
3301,A,0
3302,A,0
3303,A,0
3304,B,0
3305,B,0
3306,B,1
3307,B,0
3308,B,0
3309,A,0
3310,B,0
3311,A,0
3312,B,0
3313,A,0
3314,B,0
3315,A,0
3316,B,0
3317,A,0
3318,B,0
3319,B,0
3320,B,0
3321,B,0
3322,B,1
3323,A,0
3324,B,0
3325,B,0
3326,A,0
3327,A,0
3328,A,0
3329,B,0
3330,B,1
3331,A,0
3332,B,0
3333,B,0
3334,B,0
3335,B,0
3336,B,0
3337,B,0
3338,A,0
3339,A,0
3340,A,0
3341,B,0
3342,A,0
3343,A,0
3344,A,0
3345,B,0
3346,B,1
3347,A,0
3348,A,0
3349,A,0
3350,A,0
3351,B,0
3352,A,0
3353,A,0
3354,A,0
3355,A,0
3356,B,0
3357,A,0
3358,A,0
3359,B,0
3360,B,0
3361,B,0
3362,A,0
3363,A,0
3364,B,0
3365,A,0
3366,B,0
3367,A,0
3368,A,0
3369,B,0
3370,A,0
3371,B,0
3372,B,0
3373,A,0
3374,A,0
3375,B,0
3376,A,0
3377,A,0
3378,B,0
3379,B,1
3380,B,0
3381,B,0
3382,B,0
3383,A,0
3384,A,0
3385,A,0
3386,A,0
3387,A,0
3388,A,0
3389,A,0
3390,A,0
3391,A,0
3392,A,0
3393,A,0
3394,A,0
3395,A,0
3396,A,0
3397,B,0
3398,A,0
3399,B,0
3400,B,0
3401,A,0
3402,B,0
3403,A,0
3404,B,0
3405,A,0
3406,A,0
3407,A,0
3408,B,0
3409,B,0
3410,A,0
3411,B,0
3412,B,0
3413,A,0
3414,A,0
3415,B,0
3416,A,0
3417,A,0
3418,B,0
3419,B,0
3420,A,0
3421,A,0
3422,A,0
3423,B,0
3424,B,0
3425,B,0
3426,A,0
3427,B,0
3428,A,0
3429,B,0
3430,A,0
3431,A,0
3432,A,0
3433,B,0
3434,B,0
3435,A,0
3436,A,0
3437,A,0
3438,A,0
3439,B,0
3440,A,0
3441,A,0
3442,A,0
3443,A,0
3444,B,0
3445,B,0
3446,A,0
3447,B,0
3448,A,0
3449,A,0
3450,A,0
3451,A,0
3452,B,0
3453,B,1
3454,A,0
3455,A,0
3456,A,1
3457,A,0
3458,B,0
3459,B,0
3460,B,0
3461,B,0
3462,B,0
3463,B,0
3464,A,0
3465,B,0
3466,B,0
3467,A,0
3468,B,0
3469,A,0
3470,B,0
3471,A,0
3472,A,0
3473,B,0
3474,A,0
3475,A,0
3476,B,0
3477,B,1
3478,A,0
3479,A,0
3480,B,0
3481,B,0
3482,A,0
3483,B,0
3484,A,0
3485,A,1
3486,A,0
3487,B,0
3488,A,0
3489,A,0
3490,A,0
3491,B,0
3492,B,0
3493,B,0
3494,B,0
3495,B,0
3496,B,0
3497,B,0
3498,B,0
3499,B,0
3500,B,0
3501,A,0
3502,B,1
3503,A,0
3504,B,0
3505,B,0
3506,A,0
3507,A,0
3508,A,0
3509,A,0
3510,A,0
3511,B,0
3512,A,0
3513,A,0
3514,B,1
3515,A,0
3516,A,0
3517,B,0
3518,B,0
3519,B,0
3520,A,0
3521,B,1
3522,B,1
3523,B,0
3524,A,0
3525,B,0
3526,A,0
3527,B,0
3528,B,1
3529,B,1
3530,A,1
3531,B,0
3532,A,0
3533,B,1
3534,A,0
3535,B,0
3536,A,0
3537,A,0
3538,B,0
3539,A,0
3540,A,0
3541,B,1
3542,B,0
3543,A,0
3544,B,0
3545,A,0
3546,A,0
3547,B,0
3548,B,1
3549,B,0
3550,B,0
3551,B,0
3552,A,0
3553,B,0
3554,A,0
3555,A,0
3556,A,1
3557,A,1
3558,A,0
3559,B,1
3560,B,0
3561,B,0
3562,A,0
3563,A,0
3564,B,1
3565,B,0
3566,A,0
3567,A,0
3568,B,1
3569,B,0
3570,B,0
3571,A,0
3572,B,0
3573,B,0
3574,A,0
3575,A,1
3576,B,0
3577,A,0
3578,A,0
3579,B,0
3580,A,0
3581,A,0
3582,A,0
3583,A,0
3584,B,0
3585,A,0
3586,A,0
3587,A,0
3588,A,0
3589,A,0
3590,B,0
3591,A,1
3592,B,0
3593,B,0
3594,B,0
3595,A,0
3596,B,0
3597,B,0
3598,B,1
3599,B,0
3600,B,0
3601,A,0
3602,B,0
3603,A,0
3604,A,0
3605,A,0
3606,A,0
3607,A,0
3608,A,0
3609,B,0
3610,B,0
3611,B,0
3612,A,0
3613,A,0
3614,B,0
3615,B,0
3616,B,0
3617,B,0
3618,A,0
3619,B,0
3620,A,0
3621,A,0
3622,B,0
3623,B,0
3624,A,0
3625,A,0
3626,A,0
3627,B,0
3628,A,0
3629,B,0
3630,A,0
3631,B,0
3632,A,0
3633,A,0
3634,B,0
3635,A,0
3636,A,0
3637,B,1
3638,B,0
3639,A,0
3640,B,0
3641,A,1
3642,B,0
3643,B,0
3644,B,0
3645,A,0
3646,B,0
3647,B,0
3648,B,0
3649,A,0
3650,B,1
3651,B,0
3652,A,0
3653,A,0
3654,B,0
3655,B,1
3656,A,0
3657,A,1
3658,B,0
3659,B,0
3660,A,0
3661,A,0
3662,B,0
3663,B,1
3664,B,0
3665,A,0
3666,B,0
3667,B,0
3668,B,0
3669,B,0
3670,B,0
3671,B,0
3672,B,0
3673,B,0
3674,B,0
3675,B,0
3676,B,0
3677,A,1
3678,B,0
3679,A,0
3680,B,0
3681,A,1
3682,A,0
3683,A,0
3684,B,0
3685,A,1
3686,B,0
3687,A,0
3688,A,1
3689,A,0
3690,B,1
3691,A,0
3692,B,0
3693,B,1
3694,A,0
3695,A,1
3696,A,0
3697,A,0
3698,B,0
3699,A,0
3700,A,0
3701,A,0
3702,A,0
3703,A,0
3704,B,0
3705,A,0
3706,B,0
3707,A,0
3708,A,0
3709,B,0
3710,B,0
3711,B,0
3712,B,0
3713,A,0
3714,A,1
3715,A,0
3716,B,0
3717,A,0
3718,A,0
3719,B,0
3720,A,0
3721,A,0
3722,B,0
3723,B,0
3724,A,0
3725,B,0
3726,A,0
3727,B,0
3728,B,0
3729,A,0
3730,B,0
3731,B,0
3732,B,0
3733,B,0
3734,A,0
3735,B,0
3736,A,1
3737,B,0
3738,A,0
3739,A,0
3740,A,0
3741,A,0
3742,A,0
3743,A,0
3744,A,0
3745,B,0
3746,B,0
3747,B,0
3748,A,0
3749,A,0
3750,A,0
3751,A,0
3752,A,0
3753,B,0
3754,A,1
3755,A,0
3756,A,0
3757,A,0
3758,A,0
3759,A,1
3760,A,0
3761,B,0
3762,A,0
3763,B,0
3764,A,0
3765,B,0
3766,B,0
3767,B,0
3768,A,0
3769,A,0
3770,B,0
3771,B,0
3772,A,1
3773,B,0
3774,A,0
3775,B,0
3776,A,0
3777,B,0
3778,B,0
3779,A,0
3780,B,0
3781,B,0
3782,B,0
3783,B,0
3784,B,0
3785,B,0
3786,B,0
3787,A,0
3788,B,0
3789,A,0
3790,A,0
3791,A,0
3792,B,1
3793,B,0
3794,B,0
3795,A,0
3796,B,0
3797,B,1
3798,B,0
3799,A,0
3800,B,0
3801,B,0
3802,A,0
3803,B,0
3804,B,0
3805,B,0
3806,A,0
3807,A,0
3808,B,0
3809,A,0
3810,A,0
3811,B,0
3812,A,0
3813,B,0
3814,A,0
3815,A,0
3816,A,0
3817,A,0
3818,A,0
3819,B,0
3820,A,0
3821,B,0
3822,A,0
3823,A,0
3824,B,0
3825,A,0
3826,A,0
3827,B,0
3828,A,0
3829,A,0
3830,B,0
3831,B,0
3832,A,0
3833,B,0
3834,B,0
3835,A,1
3836,B,0
3837,B,0
3838,A,0
3839,A,0
3840,B,0
3841,B,0
3842,B,0
3843,B,0
3844,A,0
3845,A,0
3846,B,0
3847,B,0
3848,A,0
3849,B,0
3850,A,0
3851,A,0
3852,B,0
3853,A,0
3854,B,0
3855,B,0
3856,B,0
3857,A,0
3858,B,0
3859,A,0
3860,B,0
3861,B,0
3862,A,0
3863,A,0
3864,A,0
3865,A,0
3866,A,0
3867,B,0
3868,B,1
3869,A,0
3870,A,0
3871,B,0
3872,B,0
3873,A,0
3874,A,0
3875,A,0
3876,B,0
3877,A,0
3878,B,0
3879,B,0
3880,A,0
3881,B,1
3882,B,0
3883,A,0
3884,A,0
3885,A,0
3886,A,0
3887,B,1
3888,A,0
3889,A,0
3890,A,0
3891,B,0
3892,B,0
3893,B,0
3894,A,0
3895,B,0
3896,A,0
3897,A,0
3898,B,0
3899,B,1
3900,A,0
3901,A,0
3902,B,0
3903,A,0
3904,B,0
3905,A,1
3906,A,0
3907,B,0
3908,B,0
3909,B,1
3910,B,0
3911,B,0
3912,A,0
3913,B,1
3914,B,0
3915,B,0
3916,A,0
3917,B,1
3918,A,0
3919,A,1
3920,A,0
3921,A,0
3922,B,0
3923,A,0
3924,A,0
3925,B,0
3926,A,0
3927,B,1
3928,B,0
3929,B,0
3930,A,0
3931,B,0
3932,A,1
3933,B,0
3934,A,0
3935,A,0
3936,B,0
3937,A,1
3938,A,0
3939,A,0
3940,A,0
3941,A,0
3942,B,0
3943,B,0
3944,A,0
3945,B,0
3946,B,0
3947,A,0
3948,B,0
3949,B,0
3950,B,0
3951,A,0
3952,B,0
3953,A,0
3954,B,0
3955,A,0
3956,B,0
3957,A,0
3958,B,1
3959,B,0
3960,B,1
3961,A,1
3962,A,0
3963,A,0
3964,B,0
3965,A,0
3966,B,1
3967,B,0
3968,B,0
3969,A,0
3970,A,0
3971,B,0
3972,A,0
3973,B,0
3974,A,1
3975,A,0
3976,B,0
3977,A,0
3978,B,0
3979,A,0
3980,A,0
3981,A,0
3982,B,0
3983,A,0
3984,A,0
3985,B,0
3986,B,0
3987,A,1
3988,B,1
3989,A,0
3990,A,0
3991,A,0
3992,A,0
3993,B,0
3994,A,0
3995,B,0
3996,B,0
3997,B,0
3998,A,0
3999,A,0
4000,A,0
4001,B,0
4002,B,0
4003,B,0
4004,B,0
4005,A,0
4006,A,0
4007,A,0
4008,B,0
4009,A,0
4010,A,0
4011,B,0
4012,A,0
4013,A,0
4014,B,1
4015,A,0
4016,B,0
4017,B,0
4018,A,1
4019,A,0
4020,B,0
4021,A,0
4022,A,0
4023,B,0
4024,B,0
4025,B,0
4026,A,0
4027,A,1
4028,A,0
4029,A,0
4030,B,0
4031,B,0
4032,B,0
4033,B,0
4034,A,0
4035,A,0
4036,B,1
4037,A,0
4038,A,0
4039,A,0
4040,A,0
4041,B,0
4042,B,0
4043,A,0
4044,B,0
4045,A,0
4046,A,0
4047,B,0
4048,A,0
4049,A,0
4050,B,0
4051,B,0
4052,B,0
4053,A,0
4054,A,0
4055,A,0
4056,B,1
4057,A,0
4058,A,0
4059,A,0
4060,A,0
4061,B,0
4062,B,0
4063,B,0
4064,B,0
4065,B,0
4066,A,0
4067,A,0
4068,B,0
4069,B,0
4070,B,0
4071,B,0
4072,A,0
4073,A,0
4074,B,0
4075,B,0
4076,A,0
4077,A,0
4078,B,0
4079,A,0
4080,B,0
4081,B,0
4082,B,0
4083,A,0
4084,B,0
4085,A,0
4086,B,1
4087,A,0
4088,B,0
4089,A,0
4090,B,1
4091,A,0
4092,B,0
4093,A,0
4094,B,1
4095,A,0
4096,A,0
4097,B,0
4098,A,0
4099,B,0
4100,A,0
4101,B,0
4102,B,1
4103,A,0
4104,B,1
4105,A,0
4106,A,0
4107,A,0
4108,A,0
4109,A,0
4110,A,0
4111,A,0
4112,B,0
4113,B,1
4114,A,0
4115,A,0
4116,A,0
4117,B,0
4118,B,0
4119,A,0
4120,B,0
4121,A,0
4122,B,0
4123,B,0
4124,A,0
4125,B,0
4126,A,0
4127,A,0
4128,A,0
4129,B,0
4130,A,0
4131,B,0
4132,A,0
4133,B,0
4134,B,0
4135,A,0
4136,A,0
4137,B,0
4138,B,0
4139,B,0
4140,B,0
4141,A,0
4142,B,0
4143,B,0
4144,A,0
4145,B,0
4146,B,0
4147,A,0
4148,B,0
4149,B,0
4150,B,1
4151,A,0
4152,A,0
4153,A,0
4154,B,0
4155,A,0
4156,A,0
4157,A,1
4158,A,0
4159,A,0
4160,B,0
4161,A,1
4162,B,0
4163,B,0
4164,B,0
4165,B,0
4166,B,0
4167,B,0
4168,A,0
4169,B,1
4170,A,0
4171,B,0
4172,A,0
4173,B,0
4174,B,0
4175,B,0
4176,A,0
4177,B,1
4178,A,0
4179,A,0
4180,A,0
4181,A,0
4182,B,0
4183,A,0
4184,B,0
4185,A,0
4186,B,1
4187,B,0
4188,B,1
4189,B,0
4190,B,0
4191,A,0
4192,B,0
4193,A,0
4194,A,0
4195,A,0
4196,B,0
4197,A,1
4198,A,0
4199,A,0
4200,B,0
4201,A,1
4202,A,0
4203,B,0
4204,A,0
4205,B,1
4206,A,0
4207,A,0
4208,A,0
4209,B,0
4210,B,0
4211,A,0
4212,B,0
4213,B,0
4214,B,0
4215,B,0
4216,A,0
4217,B,0
4218,B,0
4219,A,0
4220,A,0
4221,A,0
4222,B,0
4223,B,1
4224,A,0
4225,B,0
4226,B,0
4227,B,0
4228,A,0
4229,A,0
4230,A,0
4231,A,0
4232,A,0
4233,B,0
4234,B,0
4235,A,0
4236,B,0
4237,B,0
4238,A,0
4239,A,0
4240,B,1
4241,B,1
4242,A,0
4243,A,0
4244,B,0
4245,B,0
4246,A,0
4247,A,1
4248,A,0
4249,B,0
4250,A,0
4251,B,0
4252,A,0
4253,B,0
4254,B,1
4255,B,0
4256,B,0
4257,B,0
4258,A,0
4259,A,0
4260,A,0
4261,A,0
4262,B,1
4263,A,0
4264,A,0
4265,A,0
4266,A,1
4267,B,0
4268,A,0
4269,A,0
4270,B,0
4271,A,0
4272,B,1
4273,B,0
4274,A,0
4275,B,0
4276,B,1
4277,A,0
4278,B,0
4279,A,0
4280,A,0
4281,B,0
4282,A,0
4283,A,0
4284,A,0
4285,A,0
4286,A,0
4287,B,0
4288,A,0
4289,A,0
4290,B,0
4291,B,0
4292,A,0
4293,B,0
4294,A,0
4295,B,0
4296,A,0
4297,B,0
4298,B,0
4299,B,0
4300,A,0
4301,B,0
4302,B,0
4303,A,0
4304,B,0
4305,A,0
4306,A,0
4307,B,0
4308,A,1
4309,A,0
4310,B,0
4311,B,0
4312,B,1
4313,B,0
4314,B,0
4315,A,1
4316,B,0
4317,A,0
4318,A,0
4319,B,0
4320,A,0
4321,A,0
4322,B,0
4323,B,0
4324,A,0
4325,A,0
4326,A,0
4327,A,0
4328,B,0
4329,B,0
4330,B,0
4331,B,0
4332,A,0
4333,A,0
4334,B,0
4335,A,0
4336,B,1
4337,A,0
4338,B,1
4339,A,1
4340,A,0
4341,A,0
4342,B,0
4343,A,1
4344,B,0
4345,A,0
4346,A,0
4347,A,0
4348,B,0
4349,A,0
4350,B,0
4351,B,0
4352,A,0
4353,A,1
4354,A,0
4355,A,1
4356,B,0
4357,A,0
4358,A,1
4359,B,0
4360,A,1
4361,A,0
4362,B,0
4363,B,1
4364,B,0
4365,A,0
4366,A,0
4367,B,0
4368,A,0
4369,B,0
4370,A,0
4371,A,1
4372,A,0
4373,B,0
4374,B,0
4375,A,0
4376,B,0
4377,A,0
4378,B,0
4379,B,0
4380,A,0
4381,A,0
4382,A,0
4383,A,0
4384,B,1
4385,A,0
4386,B,0
4387,B,0
4388,A,0
4389,B,1
4390,A,0
4391,A,0
4392,A,0
4393,B,0
4394,B,0
4395,A,0
4396,A,0
4397,B,0
4398,B,0
4399,B,1
4400,A,1
4401,A,0
4402,B,1
4403,A,0
4404,B,0
4405,A,0
4406,B,0
4407,B,0
4408,A,0
4409,A,1
4410,A,0
4411,B,0
4412,A,0
4413,A,0
4414,A,0
4415,B,0
4416,B,0
4417,A,0
4418,B,0
4419,A,0
4420,A,0
4421,A,0
4422,B,0
4423,A,0
4424,B,1
4425,A,0
4426,B,0
4427,A,0
4428,B,0
4429,B,0
4430,A,0
4431,A,0
4432,B,0
4433,B,0
4434,B,0
4435,A,1
4436,B,0
4437,B,0
4438,B,0
4439,A,0
4440,B,0
4441,B,0
4442,A,0
4443,A,0
4444,A,0
4445,B,0
4446,A,0
4447,B,0
4448,B,0
4449,A,0
4450,A,0
4451,A,0
4452,A,0
4453,B,0
4454,A,0
4455,A,0
4456,A,1
4457,A,0
4458,B,0
4459,A,1
4460,B,0
4461,A,0
4462,A,0
4463,A,0
4464,A,0
4465,A,0
4466,B,0
4467,B,0
4468,A,0
4469,A,0
4470,B,0
4471,A,0
4472,B,0
4473,B,0
4474,B,0
4475,A,0
4476,B,0
4477,B,1
4478,A,0
4479,A,0
4480,B,0
4481,B,1
4482,B,0
4483,A,0
4484,B,0
4485,A,0
4486,A,0
4487,B,0
4488,B,0
4489,B,0
4490,A,0
4491,B,0
4492,B,0
4493,B,0
4494,B,0
4495,A,0
4496,B,0
4497,A,0
4498,A,0
4499,A,0
4500,B,0
4501,B,1
4502,B,0
4503,A,1
4504,A,0
4505,B,0
4506,B,0
4507,A,1
4508,B,1
4509,B,0
4510,A,0
4511,A,0
4512,A,0
4513,A,0
4514,A,0
4515,A,0
4516,B,0
4517,A,0
4518,B,1
4519,A,0
4520,B,1
4521,B,0
4522,B,0
4523,B,0
4524,B,0
4525,A,0
4526,B,0
4527,B,1
4528,B,0
4529,B,0
4530,A,0
4531,B,0
4532,B,0
4533,B,0
4534,B,0
4535,A,0
4536,A,0
4537,A,0
4538,B,0
4539,A,0
4540,A,1
4541,B,0
4542,A,1
4543,A,0
4544,A,0
4545,B,1
4546,B,0
4547,B,0
4548,A,1
4549,B,0
4550,A,0
4551,A,0
4552,B,0
4553,B,0
4554,B,1
4555,B,0
4556,A,0
4557,A,0
4558,A,1
4559,B,1
4560,A,0
4561,B,0
4562,B,0
4563,B,0
4564,A,0
4565,B,0
4566,B,0
4567,A,0
4568,A,0
4569,A,0
4570,B,0
4571,A,0
4572,B,0
4573,A,0
4574,A,0
4575,A,0
4576,B,0
4577,B,0
4578,B,0
4579,A,0
4580,A,0
4581,A,0
4582,A,0
4583,A,0
4584,B,0
4585,B,0
4586,B,0
4587,A,0
4588,B,1
4589,A,0
4590,B,0
4591,A,1
4592,B,0
4593,B,0
4594,B,0
4595,A,0
4596,B,0
4597,A,0
4598,A,0
4599,A,0
4600,A,0
4601,A,0
4602,B,0
4603,A,0
4604,A,0
4605,B,0
4606,B,0
4607,B,1
4608,A,0
4609,A,0
4610,B,0
4611,A,0
4612,A,0
4613,B,0
4614,B,0
4615,B,0
4616,A,0
4617,B,0
4618,A,0
4619,A,0
4620,B,0
4621,B,0
4622,A,0
4623,B,0
4624,B,0
4625,B,0
4626,B,0
4627,B,0
4628,A,0
4629,A,0
4630,B,0
4631,B,0
4632,A,0
4633,B,0
4634,A,0
4635,A,0
4636,A,0
4637,A,0
4638,B,1
4639,A,0
4640,B,0
4641,B,0
4642,B,0
4643,A,0
4644,A,1
4645,B,0
4646,B,0
4647,A,0
4648,B,1
4649,A,0
4650,B,0
4651,B,0
4652,A,0
4653,A,0
4654,A,0
4655,B,0
4656,B,0
4657,A,0
4658,B,0
4659,B,0
4660,B,0
4661,A,0
4662,A,0
4663,B,0
4664,A,0
4665,B,0
4666,A,0
4667,B,0
4668,A,0
4669,A,0
4670,B,0
4671,B,0
4672,A,0
4673,B,0
4674,A,0
4675,B,0
4676,A,0
4677,A,0
4678,B,0
4679,A,0
4680,B,1
4681,B,0
4682,A,0
4683,B,0
4684,B,0
4685,A,0
4686,A,0
4687,B,0
4688,B,0
4689,A,0
4690,B,0
4691,B,0
4692,A,0
4693,B,0
4694,A,0
4695,B,0
4696,B,0
4697,B,0
4698,B,0
4699,A,0
4700,B,0
4701,A,0
4702,B,0
4703,B,0
4704,B,0
4705,B,0
4706,A,0
4707,B,0
4708,B,0
4709,B,0
4710,A,0
4711,B,0
4712,A,0
4713,B,0
4714,B,0
4715,B,1
4716,A,0
4717,B,0
4718,B,0
4719,A,0
4720,A,0
4721,A,0
4722,A,0
4723,B,0
4724,A,0
4725,A,0
4726,A,0
4727,A,1
4728,A,0
4729,A,0
4730,A,0
4731,B,0
4732,B,1
4733,B,0
4734,A,0
4735,A,0
4736,B,0
4737,B,0
4738,A,0
4739,A,0
4740,A,0
4741,B,0
4742,A,0
4743,B,0
4744,A,0
4745,A,0
4746,A,1
4747,A,0
4748,B,0
4749,B,1
4750,A,0
4751,B,0
4752,A,0
4753,A,0
4754,A,0
4755,A,0
4756,B,0
4757,B,0
4758,B,0
4759,A,0
4760,B,1
4761,A,0
4762,A,0
4763,A,1
4764,A,0
4765,A,0
4766,A,0
4767,B,0
4768,B,0
4769,B,0
4770,A,0
4771,B,0
4772,B,0
4773,A,0
4774,B,0
4775,A,0
4776,A,0
4777,B,0
4778,B,0
4779,A,0
4780,B,0
4781,B,0
4782,B,0
4783,A,0
4784,B,0
4785,A,1
4786,A,0
4787,A,0
4788,A,0
4789,A,0
4790,B,0
4791,B,0
4792,A,0
4793,B,1
4794,A,0
4795,B,0
4796,A,1
4797,A,1
4798,A,0
4799,A,0
4800,A,0
4801,A,0
4802,A,0
4803,A,0
4804,B,0
4805,B,0
4806,A,0
4807,B,0
4808,B,0
4809,A,0
4810,A,0
4811,A,0
4812,B,0
4813,B,0
4814,A,0
4815,A,0
4816,B,0
4817,A,0
4818,A,0
4819,A,0
4820,B,0
4821,B,0
4822,B,0
4823,B,0
4824,A,0
4825,A,0
4826,A,1
4827,A,0
4828,A,0
4829,A,0
4830,B,1
4831,B,1
4832,B,0
4833,B,0
4834,B,0
4835,A,0
4836,B,0
4837,A,0
4838,B,0
4839,A,0
4840,A,0
4841,B,0
4842,A,1
4843,B,0
4844,A,0
4845,B,0
4846,A,0
4847,A,0
4848,A,0
4849,A,0
4850,B,0
4851,A,0
4852,A,0
4853,A,0
4854,A,1
4855,B,0
4856,B,0
4857,B,1
4858,B,0
4859,B,0
4860,A,0
4861,A,0
4862,B,0
4863,A,0
4864,A,0
4865,A,0
4866,A,0
4867,A,0
4868,B,0
4869,B,0
4870,B,0
4871,B,0
4872,B,1
4873,A,0
4874,B,0
4875,B,1
4876,A,1
4877,A,1
4878,B,0
4879,A,0
4880,B,1
4881,B,0
4882,A,0
4883,A,0
4884,A,0
4885,A,1
4886,A,0
4887,B,0
4888,A,1
4889,B,0
4890,B,0
4891,B,0
4892,A,0
4893,B,0
4894,A,0
4895,B,0
4896,A,1
4897,A,0
4898,A,0
4899,A,0
4900,B,0
4901,A,1
4902,B,0
4903,B,0
4904,B,0
4905,B,0
4906,B,0
4907,B,0
4908,B,0
4909,B,1
4910,B,0
4911,B,0
4912,B,0
4913,A,0
4914,A,0
4915,A,0
4916,A,1
4917,A,1
4918,A,0
4919,B,0
4920,A,0
4921,A,0
4922,B,0
4923,B,0
4924,A,1
4925,A,0
4926,B,0
4927,B,0
4928,A,0
4929,B,0
4930,B,0
4931,A,0
4932,B,0
4933,A,0
4934,B,0
4935,B,0
4936,A,0
4937,A,0
4938,A,0
4939,B,0
4940,A,0
4941,A,0
4942,B,0
4943,B,0
4944,A,0
4945,A,0
4946,A,0
4947,A,0
4948,B,0
4949,A,0
4950,B,0
4951,B,0
4952,B,0
4953,A,0
4954,A,1
4955,B,0
4956,A,1
4957,A,0
4958,A,1
4959,B,0
4960,A,0
4961,A,0
4962,B,0
4963,B,0
4964,A,0
4965,B,0
4966,A,0
4967,A,1
4968,B,0
4969,B,0
4970,B,0
4971,A,0
4972,B,0
4973,B,0
4974,A,0
4975,B,0
4976,A,0
4977,A,0
4978,A,0
4979,A,0
4980,A,0
4981,B,0
4982,B,0
4983,A,0
4984,B,0
4985,B,0
4986,B,1
4987,B,0
4988,A,0
4989,A,1
4990,A,1
4991,A,0
4992,A,0
4993,B,0
4994,A,1
4995,A,0
4996,A,0
4997,B,0
4998,A,0
4999,A,0
5000,A,0
